title,overview
Assassins,"Assassin Robert Rath arrives at a funeral to kill a prominent mobster, only to witness a rival hired gun complete the job for him -- with grisly results. Horrified by the murder of innocent bystanders, Rath decides to take one last job and then return to civilian life. But finding his way out of the world of contract killing grows ever more dangerous as Rath falls for his female target and becomes a marked man himself."
Junior,"As part of a fertility research project, a male scientist agrees to carry a pregnancy in his own body."
The Specialist,"May Munro is a woman obsessed with getting revenge on the people who murdered her parents when she was still a girl. She hires Ray Quick, a retired explosives expert to kill her parent's killers. When Ned Trent, embittered ex-partner of Quick's is assigned to protect one of Quick's potential victims, a deadly game of cat and mouse ensues."
True Lies,"Harry Tasker is a secret agent for the United States Government. For years, he has kept his job from his wife, but is forced to reveal his identity and try to stop nuclear terrorists when he and his wife are kidnapped by them."
Cliffhanger,"A year after losing his friend in a tragic 4,000-foot fall, former ranger Gabe Walker and his partner, Hal, are called to return to the same peak to rescue a group of stranded climbers, only to learn the climbers are actually thieving hijackers who are looking for boxes full of money."
Demolition Man,"Simon Phoenix, a violent criminal cryogenically frozen in 1996, has escaped during a parole hearing in 2032 in the utopia of San Angeles. Police are incapable of dealing with his violent ways and turn to his captor, John Spartan, who had also been cryogenically frozen when wrongfully accused of killing 30 innocent people while apprehending Phoenix."
Last Action Hero,"Danny is obsessed with a fictional movie character action hero Jack Slater. When a magical ticket transports him into Jack's latest adventure, Danny finds himself in a world where movie magic and reality collide. Now it's up to Danny to save the life of his hero and new friend."
Terminator 2: Judgment Day,"Nearly 10 years have passed since Sarah Connor was targeted for termination by a cyborg from the future. Now her son, John, the future leader of the resistance, is the target for a newer, more deadly terminator. Once again, the resistance has managed to send a protector back to attempt to save John and his mother Sarah."
Eraser,"U.S. Marshall John Kruger erases the identities of people enrolled in the Witness Protection Program. His current assignment is to protect Lee Cullen, who's uncovered evidence that the weapons manufacturer she works for has been selling to terrorist groups. When Kruger discovers that there's a corrupt agent within the program, he must guard his own life while trying to protect Lee's."
Daylight,A group of armed robbers fleeing the police head for the New Jersey Tunnel and run right into trucks transporting toxic waste. The spectacular explosion that follows results in both ends of the tunnel collapsing and the handful of people who survived the explosion are now in peril. Kit Latura is the only man with the skill and knowledge to lead the band of survivors out of the tunnel before the structure collapses.
Bananas,"When a bumbling New Yorker is dumped by his activist girlfriend, he travels to a tiny Latin American nation and becomes involved in its latest rebellion."
The Terminator,"In the post-apocalyptic future, reigning tyrannical supercomputers teleport a cyborg assassin known as the ""Terminator"" back to 1984 to kill Sarah Connor, whose unborn son is destined to lead insurgents against 21st century mechanical hegemony. Meanwhile, the human-resistance movement dispatches a lone warrior to safeguard Sarah. Can he stop the virtually indestructible killing machine?"
Jingle All the Way,"Meet Howard Langston, a salesman for a mattress company is constantly busy at his job, and he also constantly disappoints his son, after he misses his son's karate exposition, his son tells Howard that he wants for Christmas is an action figure of his son's television hero, he tries hard to to make it up to him. Unfortunately for Howard, it is Christmas Eve, and every store is sold out of Turbo Man, now Howard must travel all over town and compete with everybody else to find a Turbo Man action figure."
Batman & Robin,"Along with crime-fighting partner Robin and new recruit Batgirl, Batman battles the dual threat of frosty genius Mr. Freeze and homicidal horticulturalist Poison Ivy. Freeze plans to put Gotham City on ice, while Ivy tries to drive a wedge between the dynamic duo."
Men in Black,"Men in Black follows the exploits of agents Kay and Jay, members of a top-secret organization established to monitor and police alien activity on Earth. The two Men in Black find themselves in the middle of the deadly plot by an intergalactic terrorist who has arrived on Earth to assassinate two ambassadors from opposing galaxies. In order to prevent worlds from colliding, the MiB must track down the terrorist and prevent the destruction of Earth. It's just another typical day for the Men in Black."
Conan the Barbarian,"A film adaptation of the classic sword and sorcery hero, Conan the Barbarian. A horde of rampaging warriors massacre the parents of young Conan and enslave the young child for years on The Wheel of Pain. As the sole survivor of the childhood massacre, Conan is released from slavery and taught the ancient arts of fighting. Transforming himself into a killing machine, Conan travels into the wilderness to seek vengeance on Thulsa Doom, the man responsible for killing his family. In the wilderness, Conan takes up with the thieves Valeria and Subotai. The group comes upon King Osric, who wants the trio of warriors to help rescue his daughter who has joined Doom in the hills."
Cop Land,"Freddy Heflin is the sheriff of a place everyone calls “Cop Land” — a small and seemingly peaceful town populated by the big city police officers he’s long admired. Yet something ugly is taking place behind the town’s peaceful facade. And when Freddy uncovers a massive, deadly conspiracy among these local residents, he is forced to take action and make a dangerous choice between protecting his idols and upholding the law."
"An Alan Smithee Film: Burn, Hollywood, Burn","Filmmaker Alan Smithee finds himself the unwilling puppet of a potentially bad, big budget action film which he proceeds to steal the reels and leave the cast and crew in a frenzy."
Rocky,"When world heavyweight boxing champion, Apollo Creed wants to give an unknown fighter a shot at the title as a publicity stunt, his handlers choose palooka Rocky Balboa, an uneducated collector for a Philadelphia loan shark. Rocky teams up with trainer  Mickey Goldmill to make the most of this once in a lifetime break."
Klute,"This acclaimed thriller stars Jane Fonda as Bree Daniel, a New York City call girl who becomes enmeshed in an investigation into the disappearance of a business executive. Detective John Klute is hired to follow Daniel, and eventually begins a romance with her, but it appears that he hasn't been the only person on her trail. When it becomes clear that Daniel is being targeted, it's up to her and Klute to figure out who is after her before it's too late."
Gremlins 2: The New Batch,"Young sweethearts Billy and Kate move to the Big Apple, land jobs in a high-tech office park and soon reunite with the friendly and lovable Gizmo. But a series of accidents creates a whole new generation of Gremlins. The situation worsens when the devilish green creatures invade a top-secret laboratory and develop genetically altered powers, making them even harder to destroy!"
Antz,"In this animated hit, a neurotic worker ant in love with a rebellious princess rises to unlikely stardom when he switches places with a soldier. Signing up to march in a parade, he ends up under the command of a bloodthirsty general. But he's actually been enlisted to fight against a termite army."
Red Sonja,"The tyrant Gedren seeks the total power in a world of barbarism. She raids the city Hablac and kills the keeper of a talisman that gives her great power. Red Sonja, sister of the keeper, sets out with her magic sword to overthrow Gedren."
Rambo: First Blood Part II,John Rambo is released from prison by the government for a top-secret covert mission to the last place on Earth he'd want to return - the jungles of Vietnam.
First Blood,"When former Green Beret John Rambo is harassed by local law enforcement and arrested for vagrancy, the Vietnam vet snaps, runs for the hills and rat-a-tat-tats his way into the action-movie hall of fame. Hounded by a relentless sheriff, Rambo employs heavy-handed guerilla tactics to shake the cops off his tail."
Rambo III,"Combat has taken its toll on Rambo, but he's finally begun to find inner peace in a monastery. When Rambo's friend and mentor Col. Trautman asks for his help on a top secret mission to Afghanistan, Rambo declines but must reconsider when Trautman is captured."
Rocky II,"After Rocky goes the distance with champ Apollo Creed, both try to put the fight behind them and move on. Rocky settles down with Adrian but can't put his life together outside the ring, while Creed seeks a rematch to restore his reputation. Soon enough, the ""Master of Disaster"" and the ""Italian Stallion"" are set on a collision course for a climactic battle that is brutal and unforgettable."
Rocky III,"Now the world champion, Rocky Balboa is living in luxury and only fighting opponents who pose no threat to him in the ring. His lifestyle of wealth and idleness is shaken when a powerful young fighter known as Clubber Lang challenges him to a bout. After taking a pounding from Lang, the humbled champ turns to former bitter rival Apollo Creed to help him regain his form for a rematch with Lang."
Rocky IV,"Rocky must come out of retirement to battle a gargantuan Soviet fighter named Drago, who brutally punished Rocky's friend and former rival, Apollo Creed. Seeking revenge in the name of his fallen comrade and his country, Rocky agrees to fight Drago in Moscow on Christmas, and the bout changes both fighters -- and the world."
Rocky V,"A lifetime of taking shots has ended Rocky's career, and a crooked accountant has left him broke. Inspired by the memory of his trainer, however, Rocky finds glory in training and takes on an up-and-coming boxer."
Total Recall,"Construction worker Douglas Quaid discovers a memory chip in his brain during a virtual-reality trip. He also finds that his past has been invented to conceal a plot of planetary domination. Soon, he's off to Mars to find out who he is and who planted the chip."
Nighthawks,An international terrorist has New York in a grip of panic and it's up to Det. Sgt. Deke DaSilva to take him down.
End of Days,"On December 28th, 1999, the citizens of New York City are getting ready for the turn of the millennium. However, the Devil decides to crash the party by coming to the city, inhabiting a man's body, and searching for his chosen bride, a 20-year-old woman named Christine York. The world will end, and the only hope lies within an atheist called Jericho Cane."
Predator,"Dutch and his group of commandos are hired by the CIA to rescue downed airmen from guerillas in a Central American jungle. The mission goes well but as they return they find that something is hunting them. Nearly invisible, it blends in with the forest, taking trophies from the bodies of its victims as it goes along. Occasionally seeing through its eyes, the audience sees it is an intelligent alien hunter, hunting them for sport, killing them off one at a time."
The Lords of Flatbush,"Directed by Martin Davidson and Stephen Verona, The Lords of Flatbush is a low budget film starring Perry King, Henry Winkler and Sylvester Stallone (who also wrote additional dialog). Set in the late 1950s, the coming-of-age story follows four Brooklyn teenagers known as The Lords of Flatbush. The Lords chase girls, steal cars, play pool and hang out at a local malt shop. The film focuses on Chico (King) attempting to win over Jane (Susan Blakely), a girl who wants little to do with him, and Stanley (Stallone), who impregnates his girlfriend Frannie, who wants him to marry her."
The Running Man,"By 2017, the global economy has collapsed and American society has become a totalitarian police state, censoring all cultural activity. The government pacifies the populace by broadcasting a number of game shows in which convicted criminals fight for their lives, including the gladiator-style The Running Man, hosted by the ruthless Damon Killian, where “runners” attempt to evade “stalkers” and certain death for a chance to be pardoned and set free."
Get Carter,"Remake of the Michael Caine classic. Jack Carter, a mob enforcer living in Las Vegas, travels back to his hometown of Seattle for his brother's funeral. During this visit, Carter realizes that the death of his brother was not accidental, but a murder. With this knowledge, Carter sets out to kill all those responsible."
The 6th Day,Futuristic action about a man who meets a clone of himself and stumbles into a grand conspiracy about clones taking over the world.
Driven,"Talented rookie race-car driver Jimmy Bly has started losing his focus and begins to slip in the race rankings. It's no wonder, with the immense pressure being shoveled on him by his overly ambitious promoter brother as well as Bly's romance with his arch rival's girlfriend Sophia. With much riding on Bly, car owner Carl Henry brings former racing star Joe Tanto on board to help Bly. To drive Bly back to the top of the rankings, Tanto must first deal with the emotional scars left over from a tragic racing accident which nearly took his life."
Dr. Dolittle 2,"Dr. John Dolittle the beloved doctor is back, but this time around he plays cupid to bumbling circus bear Archie as he's so smitten by a Pacific Western bear female, Ava. Dr. Dolittle must help a group of forest creatures to save their forest. But with the aid of his mangy, madcap animal friends, Dr. Dolittle must teach Archie the ways of true romance in time to save his species and his home before their habit is gone. So John held a meeting for every animal in the forest to not give up without a fight no matter what kind of animal expression they have and everyone agrees to do it and save their home."
Red Heat,A tough Russian policeman is forced to partner up with a cocky Chicago police detective when he is sent to Chicago to apprehend a Georgian drug lord who killed his partner and fled the country.
Twins,Julius and Vincent Benedict are the results of an experiment that would allow for the perfect child. Julius was planned and grows to athletic proportions. Vincent is an accident and is somewhat smaller in stature. Vincent is placed in an orphanage while Julius is taken to a south seas island and raised by philosophers. Vincent becomes the ultimate low life and is about to be killed by loan sharks.
Lock Up,"Frank Leone is nearing the end of his prison term for a relatively minor crime. Just before he is paroled, however, Warden Drumgoole takes charge. Drumgoole was assigned to a hell-hole prison after his administration was publicly humiliated by Leone, and has now arrived on the scene to ensure that Leone never sees the light of day."
Tango & Cash,"Ray Tango and Gabriel Cash are narcotics detectives who, while both being extremely successful, can't stand each other. Crime Lord Yves Perret, furious at the loss of income that Tango and Cash have caused him, frames the two for murder. Caught with the murder weapon on the scene of the crime, the two have no alibi. Thrown into prison with most of the criminals they helped convict, it appears that they are going to have to trust each other if they are to clear their names and catch the evil Perret."
Conan the Destroyer,"Based on a character created by Robert E. Howard, this fast-paced, occasionally humorous sequel to Conan the Barbarian features the hero (Arnold Schwarzenegger) as he is commissioned by the evil queen Taramis (Sarah Douglas) to safely escort a teen princess (Olivia D'Abo) and her powerful bodyguard (Wilt Chamberlain) to a far away castle to retrieve the magic Horn of Dagon. Unknown to Conan, the queen plans to sacrifice the princess when she returns and inherit her kingdom after the bodyguard kills Conan. The queen's plans fail to take into consideration Conan's strength and cunning and the abilities of his sidekicks: the eccentric wizard Akiro (Mako), the wild woman Zula (Grace Jones), and the inept Malak (Tracey Walter). Together the hero and his allies must defeat both mortal and supernatural foes in this voyage to sword-and-sorcery land."
Collateral Damage,Firefighter Gordon Brewer is plunged into the complex and dangerous world of international terrorism after he loses his wife and child in a bombing credited to Claudio 'The Wolf' Perrini.
Escape to Victory,A group of POWs in a German prison camp during World War II play the German National Soccer Team in this powerful film depicting the role of prisoners during wartime.
Oscar,"Angelo ""Snaps"" Provolone made his dying father a promise on his deathbed: he would leave the world of crime and become an honest businessman. Despite having no experience in making money in a legal fashion, Snaps sets about to keep his promise."
Terminator 3: Rise of the Machines,"It's been 10 years since John Connor saved Earth from Judgment Day, and he's now living under the radar, steering clear of using anything Skynet can trace. That is, until he encounters T-X, a robotic assassin ordered to finish what T-1000 started. Good thing Connor's former nemesis, the Terminator, is back to aid the now-adult Connor … just like he promised."
Spy Kids 3-D: Game Over,"Carmen's caught in a virtual reality game designed by the Kids' new nemesis, the Toymaker. It's up to Juni to save his sister, and ultimately the world."
Commando,"John Matrix, the former leader of a special commando strike force that always got the toughest jobs done, is forced back into action when his young daughter is kidnapped. To find her, Matrix has to fight his way through an array of punks, killers, one of his former commandos, and a fully equipped private army. With the help of a feisty stewardess and an old friend, Matrix has only a few hours to overcome his greatest challenge: finding his daughter before she's killed."
The Rundown,"When Travis, the mouthy son of a criminal, disappears in the Amazon in search of a treasured artifact, his father sends in Beck, who becomes Travis's rival for the affections of Mariana, a mysterious Brazilian woman. With his steely disposition, Beck is a man of few words -- but it takes him all the discipline he can muster to work with Travis to nab a tyrant who's after the same treasure."
Kindergarten Cop,"Hard-edged cop John Kimble gets more than he bargained for when he goes undercover as a kindergarten teacher to get the goods on a brutal drug lord while at the same time protecting the man's young son. Pitted against a class of boisterous moppets whose antics try his patience and test his mettle, Kimble may have met his match … in more ways than one."
Over the Top,"Sylvester Stallone stars as hard-luck big-rig trucker Lincoln Hawk and takes us under the glaring Las Vegas lights for all the boisterous action of the World Armwrestling Championship.  Relying on wits and willpower, Hawk tries to rebuild his life by capturing the first-place prize money, and the love of the son he abandoned years earlier into the keeping of his rich, ruthless father-in-law."
Pumping Iron,"Pumping Iron is a 1977 documentary film about the run-up to the 1975 Mr. Olympia bodybuilding competition. The film focuses on Arnold Schwarzenegger and his competitors, Lou Ferrigno and Franco Columbu. The documentary was co-directed by Robert Fiore and George Butler. It was based on the book of the same name by Charles Gaines and George Butler (Simon and Schuster, 1974)."
Raw Deal,"Mark Kaminsky is kicked out of the FBI for his rough treatment of a suspect. He winds up as the sheriff of a small town in North Carolina. FBI Chief Harry Shannon, whose son has been killed by a mobster named Patrovina, enlists Kaminsky in a personal vendetta with a promise of reinstatement into the FBI if Patrovina is taken down. To accomplish this, he must go undercover and join Patrovina's gang."
Shade,"Tiffany, Charlie and Vernon are con artists looking to up the ante from their typical scams. They figure a good way of doing this is taking down Dean ""The Dean"" Stevens, a well-known cardsharp, in a rigged game. However, they first need enough money to enter a game with Stevens, so they decide to strike a deal with fellow crook Larry Jennings to scam a local gangster -- which turns out to be a bad idea."
D-Tox,A disgraced FBI agent with a drinking problem joins nine other troubled law enforcement officers at an isolated detox clinic in the wilds of Wyoming. But the therapeutic sanctuary becomes a nightmarish hellhole when a major snowstorm cuts off the clinic from the outside world and enables a killer on the inside to get busy.
Death Race 2000,"In a boorish future, the government sponsors a popular, but bloody, cross-country race in which points are scored by mowing down pedestrians. Five teams, each comprised of a male and female, compete using cars equipped with deadly weapons. Frankenstein, the mysterious returning champion, has become America's hero, but this time he has a passenger from the underground resistance."
Around the World in 80 Days,"A bet pits a British inventor, a Chinese thief and a French artist on a worldwide adventure that they can circle the globe in 80 days."
Taxi 3,"A gang of thieves calling themselves the Santa Claus Gang are wreaking havoc, and the police can't keep up. Police Captain Gilbert is distracted by a Chinese reporter writing a story on his squad, and taxi driver Daniel is in the midst of a relationship crisis. After a string of mistakes in which the thieves outsmart the police time and time again, Daniel and his super-taxi pitch in."
Stay Hungry,"Stay Hungry is a 1976 dramatic comedy film by director Bob Rafelson from a screenplay by Charles Gaines. The story centers on a young Birmingham, Alabama, scion, played by Jeff Bridges, who gets involved in a shady real-estate deal. In order to close the deal, he needs to buy a gym building to complete a multi-parcel lot. When he visits the gym, however, he finds himself romantically interested in the receptionist (Sally Field) and drawn to the carefree lifestyle of the Austrian body builder ""Joe Santo"" (Arnold Schwarzenegger) who is training there for the Mr. Universe competition."
Cannonball,"Coy ""Cannonball"" Buckman (David Carradine) and his blazing red Pontiac enter the Trans-America Grand Prix, an underground road race spanning the continent in which there are no rules, no speed limits and no heed for the law. En route, Buckman jockeys with an international ensemble of racers for a $100,000 purse. But there are none more important than Cade Redman (Bill McKinney), his direct competition for a guaranteed spot on the elite Modern Motors racing team."
"Farewell, My Lovely","Los Angeles private eye Philip Marlowe is hired by paroled convict Moose Malloy to find his girlfriend Velma, former seedy nightclub dancer."
Rhinestone,"After a big-time country singer brags that she can turn anybody in to a country-singin' star, she's out to prove she can live up to her talk when she recruits a cab-driver as a country singer. He's scheduled to sing at a big-time NYC country night club and she puts her ample powers to work in preparing her protege."
The Kid & I,"Aaron Roman (Gores) is a teenager with cerebral palsy who dreams of starring in a big-time action movie. When his father (Mantegna) grants Aaron his wish for his 18th birthday, he experiences the reality a bit hard to manage."
F.I.S.T.,Johnny Kovak joins the Teamsters trade-union in a local chapter in the 1930s and works his way up in the organization. As he climbs higher and higher his methods become more ruthless and finally senator Madison starts a campaign to find the truth about the alleged connections with the Mob.
Rocky Balboa,"When he loses a highly publicized virtual boxing match to ex-champ Rocky Balboa, reigning heavyweight titleholder, Mason Dixon retaliates by challenging Rocky to a nationally televised, 10-round exhibition bout. To the surprise of his son and friends, Rocky agrees to come out of retirement and face an opponent who's faster, stronger and thirty years his junior."
Rambo,"When governments fail to act on behalf of captive missionaries, ex-Green Beret John James Rambo sets aside his peaceful existence along the Salween River in a war-torn region of Thailand to take action.  Although he's still haunted by violent memories of his time as a U.S. soldier during the Vietnam War, Rambo can hardly turn his back on the aid workers who so desperately need his help."
Downhill Racer,"An ambitious young skier, determined to break all existing records, is contemptuous of the teamwork advocated by the US coach when they go to Europe for the Olympics."
Terminator Salvation,"All grown up in post-apocalyptic 2018, John Connor must lead the resistance of humans against the increasingly dominating militaristic robots. But when Marcus Wright appears, his existence confuses the mission as Connor tries to determine whether Wright has come from the future or the past -- and whether he's friend or foe."
Kambakkht Ishq,Kambakkht Ishq is about a stuntman and a supermodel that don't believe in love but through a hilarious series of events they fall for each other.
Capone,The story of the rise and fall of the infamous Chicago gangster Al Capone and the control he exhibited over the city during the prohibition years.
The Expendables,"Barney Ross leads a band of highly skilled mercenaries including knife enthusiast Lee Christmas, a martial arts expert, heavy weapons specialist, demolitionist, and a loose-cannon sniper. When the group is commissioned by the mysterious Mr. Church to assassinate the dictator of a small South American island, Barney and Lee visit the remote locale to scout out their opposition and discover the true nature of the conflict engulfing the city."
Zookeeper,"A comedy about a zookeeper who might be great with animals, but he doesn't know anything about the birds and the bees. The man can't find love, so he decides to quit his job at the zoo, but his animal friends try to stop him and teach him that Mother Nature knows best when it comes to love."
Bullet to the Head,"After watching their respective partners die, a cop and a hitman form an alliance in order to bring down their common enemy."
The Expendables 2,"Mr. Church reunites the Expendables for what should be an easy paycheck, but when one of their men is murdered on the job, their quest for revenge puts them deep in enemy territory and up against an unexpected threat."
The Last Stand,"Ray Owens is sheriff of the quiet US border town of Sommerton Junction after leaving the LAPD following a bungled operation. Following his escape from the FBI, a notorious drug baron, his gang, and a hostage are heading toward Sommerton Junction where the police are preparing to make a last stand to intercept them before they cross the border. Owens is reluctant to become involved but ultimately joins in with the law enforcement efforts"
Escape Plan,"Ray Breslin is the world's foremost authority on structural security. After analyzing every high security prison and learning a vast array of survival skills so he can design escape-proof prisons, his skills are put to the test. He's framed and incarcerated in a master prison he designed himself. He needs to escape and find the person who put him behind bars."
Grudge Match,A pair of aging boxing rivals are coaxed out of retirement to fight one final bout -- 30 years after their last match.
Sabotage,"In ""Sabotage"", Arnold Schwarzenegger leads an elite DEA task force that takes on the world's deadliest drug cartels. When the team successfully executes a high-stakes raid on a cartel safe house, they think their work is done - until, one-by-one, the team members mysteriously start to be eliminated. As the body count rises, everyone is a suspect."
The Expendables 3,"Barney, Christmas and the rest of the team comes face-to-face with Conrad Stonebanks, who years ago co-founded The Expendables with Barney. Stonebanks subsequently became a ruthless arms trader and someone who Barney was forced to kill… or so he thought. Stonebanks, who eluded death once before, now is making it his mission to end The Expendables -- but Barney has other plans. Barney decides that he has to fight old blood with new blood, and brings in a new era of Expendables team members, recruiting individuals who are younger, faster and more tech-savvy. The latest mission becomes a clash of classic old-school style versus high-tech expertise in the Expendables’ most personal battle yet."
Terminator Genisys,"The year is 2029. John Connor, leader of the resistance continues the war against the machines. At the Los Angeles offensive, John's fears of the unknown future begin to emerge when TECOM spies reveal a new plot by SkyNet that will attack him from both fronts; past and future, and will ultimately change warfare forever."
Guardians of the Galaxy Vol. 2,The Guardians must fight to keep their newfound family together as they unravel the mysteries of Peter Quill's true parentage.
Reach Me,Each member of a group of people has a connection to a self-help book authored by a reclusive former football coach.
Maggie,"There's a deadly zombie epidemic threatening humanity, but Wade, a small-town farmer and family man, refuses to accept defeat even when his daughter Maggie becomes infected. As Maggie's condition worsens and the authorities seek to eradicate those with the virus, Wade is pushed to the limits in an effort to protect her. Joely Richardson co-stars in this post-apocalyptic thriller."
The Party at Kitty and Stud's,"Kitty and Stud are lovers. They enjoy a robust sex-life, which includes fellatio and light S&amp;M, specifically, Stud belt-whipping Kitty. Three women come over for a party and Stud services them, one after the other."
Creed,"The former World Heavyweight Champion Rocky Balboa serves as a trainer and mentor to Adonis Johnson, the son of his late friend and former rival Apollo Creed."
Ratchet & Clank,"Ratchet and Clank tells the story of two unlikely heroes as they struggle to stop a vile alien named Chairman Drek from destroying every planet in the Solana Galaxy. When the two stumble upon a dangerous weapon capable of destroying entire planets, they must join forces with a team of colorful heroes called The Galactic Rangers in order to save the galaxy. Along the way they'll learn about heroism, friendship, and the importance of discovering one's own identity."
Aftermath,"A fatal plane crash changes the lives of Roman and Jake forever. Roman loses his wife and daughter in the accident, while Jake, his mind as he happens to be the air traffic controller, who fails to avert the nightmare. Rage and revenge engulfs Roman and Jake finds himself swamped with guilt and regret. Can the two make peace with the past?"
Dave,"Bill Mitchell is the philandering and distant President of the United States. Dave Kovic is a sweet-natured and caring Temp Agency operator, who by a staggering coincidence looks exactly like the President. As such, when Mitchell wants to escape an official luncheon, the Secret Service hires Dave to stand in for him. Unfortunately, Mitchell suffers a severe stroke whilst having sex with one of his aides, and Dave finds himself stuck in the role indefinitely. The corrupt and manipulative Chief of Staff, Bob Alexander, plans to use Dave to elevate himself to the White House - but unfortunately, he doesn't count on Dave enjoying himself in office, using his luck to make the country a better place, and falling in love with the beautiful First Lady..."
A Family Thing,"Earl Pilcher Jr., runs an equipment rental outfit in Arkansas, lives with his wife and kids and parents, and rarely takes off his gimme cap. His mother dies, leaving a letter explaining he's not her natural son, but the son of a Black woman who died in childbirth; plus, he has a half brother Ray, in Chicago, she wants him to visit. Earl makes the trip, initially receiving a cold welcome from Ray and Ray's son, Virgil. His birth mother's sister, Aunt T., an aged and blind matriarch, takes Earl in tow and insists that the family open up to him."
The Long Goodbye,Detective Philip Marlowe tries to help a friend who is accused of murdering his wife.
Stop! Or My Mom Will Shoot,"A tough cop's (Sylvester Stallone) seemingly frail mother (Estelle Getty) comes to stay with him and progressively interferes in his life. She buys him an illegal MAC-10 machine pistol and starts poking around in his police cases. Eventually, the film draws to a denouement involving the title of the film and the revelation that even though she seems frail and weak she is capable of strong actions in some circumstances, i.e. when her son is threatened by thugs and she shoots herself in the shoulder."
The Villain,"Handsome Stranger has agreed to escort Charming Jones to collect her inheritance from her father. But Avery Jones wants the money, and hires notorious outlaw Cactus Jack to ambush Charming. However, Cactus Jack is not very good at robbing people."
Cobra,A tough-on-crime street cop must protect the only surviving witness to a strange murderous cult with far reaching plans.
Hercules in New York,Hercules (Schwarzenegger) is sent to Earth where he finds true love and starts a promising career in the bodybuilder business.
Lovers and Other Strangers,"Mike Vecchio and Susan Henderson are preparing for their upcoming wedding. However, they seem to be the only two people at the wedding that are happy. Mike's brother Richie and his wife Joan are going through a divorce, which is upsetting his overly devout Catholic mother Beatrice. Also, Susan's father is carrying on an affair and her sex starved older sister Wilma is going through her troubles with her husband Johnny. All this is going on while Mike's best friend Jerry is trying to bed the maid of honor, Susan's cousin Brenda."
Avenging Angelo,"A woman who has recently discovered that she is the daughter of Angelo, a major mafia boss, decides to wreak vengeance when he is killed by a hitman. She's aided by his faithful bodyguard, with whom she soon falls in love."
Bigger Stronger Faster*,"In America, we define ourselves in the superlative: we are the biggest, strongest, fastest country in the world. Is it any wonder that so many of our heroes are on performance enhancing drugs? Director Christopher Bell explores America's win-at-all-cost culture by examining how his two brothers became members of the steroid-subculture in an effort to realize their American dream."
Scavenger Hunt,"Old Mr. Parker has made millions inventing and selling games. At the beginning of the movie, he dies and his relatives gather for the reading of the will. However, Old Mr. Parker is a game player to the last, and his will stipulates a Scavenger Hunt to determine which relative will get the inheritance. The winner of the scavenger hunt gets all the money, the rest get nothing."
Mandingo,A slave owner in the 1840s trains one of his slaves to be a bare-knuckle fighter.
The Rocky Saga: Going the Distance,The 35th anniversary of the 1976 Oscar-winning film “Rocky” is marked with a TV retrospective in which Sylvester Stallone and others reminisce about the creation of the movie as well as the other films in the franchise.
Milius,"The life story of ‘Zen Anarchist’ filmmaker John Milius, one of the most influential storytellers of his generation."
Generation Iron,Generation Iron - examines the professional sport of bodybuilding today and gives the audience front row access to the lives of the top 7 bodybuilders in the sport as they train to compete in the world's most premiere bodybuilding stage - Mr. Olympia.
The Jayne Mansfield Story,The gaudy rise and dizzy fall of the last great Hollywood blonde bombshell: Jayne Mansfield.
Supermensch: The Legend of Shep Gordon,"Supermensch documents the astounding career of Hollywood insider, the loveable Shep Gordon, who fell into music management by chance after moving to LA straight out of college, and befriending Janis Joplin, Jim Morrison and Jimi Hendrix. Shep managed rock stars such as Pink Floyd, Luther Vandross, Teddy Pendergrass and Alice Cooper, and later went on to manage chefs such as Emeril Lagasse, ushering in the era of celebrity chefs on television."
No Place to Hide,"In New York in the late 60s, a politically motivated group of students plans bombings of company offices who do business with dictators in Middle American countries. But when they contact a known terrorist and bombing specialist, the FBI gets on their track."
The Sidelong Glances of a Pigeon Kicker,"An aimless college graduate drives a taxi while rebelling against his parents, the Establishment and whatever else he happens to loathe on any given day (including pigeons). Then he meets a girl."
The Prisoner of Second Avenue,Mel Edison has just lost his job after many years and now has to cope with being unemployed at middle age during an intense NYC heat wave.
